sensor analog output.V,V(input),V(output),current(output)
0,0,0,0
0.5,0.5,0.333333333,-0.001666667
1,1,0.666666667,-0.003333333
1.5,1.5,1,-0.005
2,2,1.333333333,-0.006666667
2.5,2.5,1.666666667,-0.008333333
3,3,2,-0.01
3.5,3.5,2.333333333,-0.011666667
4,4,2.666666667,-0.013333333
4.5,4.5,3,-0.015
5,5,3.333333333,-0.016666667
